year,state,term2,pct_2p_vote,lagged_pct_2p_vote,real_gdp_pct_growth,net_approval
1980,ALABAMA,1,47.448859067804634,55.72726888447394,-0.3,-18
1980,ALASKA,1,26.407901795575754,35.65313091750692,-0.3,-18
1980,ARIZONA,1,28.244683589928428,39.79997818825154,-0.3,-18
1980,ARKANSAS,1,47.522630620046755,64.96172812966184,-0.3,-18
1980,CALIFORNIA,1,35.91943691076413,47.954821836112544,-0.3,-18
1980,COLORADO,1,31.07003250453797,42.60994599792869,-0.3,-18
1980,CONNECTICUT,1,38.52220566954778,46.73370096403879,-0.3,-18
1980,DELAWARE,1,44.87414498362103,51.969088702353574,-0.3,-18
1980,DISTRICT OF COLUMBIA,1,74.89317898199425,81.63122667772315,-0.3,-18
1980,FLORIDA,1,38.50021983076964,51.92610623078361,-0.3,-18
1980,GEORGIA,1,55.79610534786652,66.93829485931742,-0.3,-18
1980,HAWAII,1,44.80211812573569,50.591999340887945,-0.3,-18
1980,IDAHO,1,25.190715792890764,37.11854563373341,-0.3,-18
1980,ILLINOIS,1,41.716408184817595,48.10759026891425,-0.3,-18
1980,INDIANA,1,37.65319243739945,45.70038579294727,-0.3,-18
1980,IOWA,1,38.60416298273987,48.458496540694426,-0.3,-18
1980,KANSAS,1,33.287575462214036,44.936393675385894,-0.3,-18
1980,KENTUCKY,1,47.65391582608266,52.75424926872651,-0.3,-18
1980,LOUISIANA,1,45.748231779727504,51.77499622274603,-0.3,-18
1980,MAINE,1,42.250354199051266,48.0940766261947,-0.3,-18
1980,MARYLAND,1,47.13812953749961,53.035419923436386,-0.3,-18
1980,MASSACHUSETTS,1,41.74977912831951,56.111578225108126,-0.3,-18
1980,MICHIGAN,1,42.497413500949555,46.46507411839774,-0.3,-18
1980,MINNESOTA,1,46.50156244212726,54.89630145887214,-0.3,-18
1980,MISSISSIPPI,1,48.139164564059435,49.62701232447065,-0.3,-18
1980,MISSOURI,1,44.345716593390684,51.104985667485664,-0.3,-18
1980,MONTANA,1,32.43065019563019,45.40418697183741,-0.3,-18
1980,NEBRASKA,1,26.02273846697512,38.449671940126805,-0.3,-18
1980,NEVADA,1,27.356663329120366,45.809804038122415,-0.3,-18
1980,NEW HAMPSHIRE,1,28.350738300476575,43.472692100451376,-0.3,-18
1980,NEW JERSEY,1,38.557992044854224,47.92391503387658,-0.3,-18
1980,NEW MEXICO,1,36.78482893759165,48.2844043303968,-0.3,-18
1980,NEW YORK,1,43.992099915526694,48.65083285569763,-0.3,-18
1980,NORTH CAROLINA,1,47.18285535390307,55.269186712485684,-0.3,-18
1980,NORTH DAKOTA,1,26.2985029025359,45.77004318753616,-0.3,-18
1980,OHIO,1,40.90981353780918,48.89868666639419,-0.3,-18
1980,OKLAHOMA,1,34.967661354013366,48.747220190231,-0.3,-18
1980,OREGON,1,38.66981065004621,47.61806275706979,-0.3,-18
1980,PENNSYLVANIA,1,42.475930620205936,50.39567935072532,-0.3,-18
1980,RHODE ISLAND,1,47.68214786269103,55.442004559359354,-0.3,-18
1980,SOUTH CAROLINA,1,48.20896631384125,56.169517669823556,-0.3,-18
1980,SOUTH DAKOTA,1,31.691806300216964,48.912125263571,-0.3,-18
1980,TENNESSEE,1,48.407718519104655,55.94074830696869,-0.3,-18
1980,TEXAS,1,41.4200301389191,51.1389568072175,-0.3,-18
1980,UTAH,1,20.56866483931196,33.64817873758818,-0.3,-18
1980,VERMONT,1,38.42118340920492,42.30405324575045,-0.3,-18
1980,VIRGINIA,1,40.308740686118995,47.958215632133516,-0.3,-18
1980,WASHINGTON,1,37.31607202504141,46.114260440466104,-0.3,-18
1980,WEST VIRGINIA,1,49.81083480747985,58.06951864533234,-0.3,-18
1980,WISCONSIN,1,43.180315508258985,49.50336357441171,-0.3,-18
1980,WYOMING,1,27.970211586018006,39.809265525159425,-0.3,-18
1984,ALABAMA,1,60.54249354760621,48.75012016284021,7.2,25
1984,ALASKA,1,66.6539823221984,54.34819653507526,7.2,25
1984,ARIZONA,1,66.42148285841562,60.60884838290739,7.2,25
1984,ARKANSAS,1,60.46702532547269,48.13427222648051,7.2,25
1984,CALIFORNIA,1,57.516942851693116,52.69750288304541,7.2,25
1984,COLORADO,1,63.442155969676854,55.06893494871037,7.2,25
1984,CONNECTICUT,1,60.73195173495126,48.155957007292265,7.2,25
1984,DELAWARE,1,59.78269409047342,47.20708793726768,7.2,25
1984,DISTRICT OF COLUMBIA,1,13.7296013024876,13.406828494039301,7.2,25
1984,FLORIDA,1,65.3185810412361,55.51916270650327,7.2,25
1984,GEORGIA,1,60.17229856601785,40.9673065903476,7.2,25
1984,HAWAII,1,55.099658772175346,42.900618885741885,7.2,25
1984,IDAHO,1,72.3646702858366,66.45596676961624,7.2,25
1984,ILLINOIS,1,56.17459154097207,49.646052894475275,7.2,25
1984,INDIANA,1,61.67431458678617,56.00524167128673,7.2,25
1984,IOWA,1,53.272112168085435,51.305001817614695,7.2,25
1984,KANSAS,1,66.272207876586,57.850060471833395,7.2,25
1984,KENTUCKY,1,60.00693762346231,49.032167437078726,7.2,25
1984,LOUISIANA,1,60.77370692433072,51.19834740095997,7.2,25
1984,MAINE,1,60.83406852465181,45.605541757247934,7.2,25
1984,MARYLAND,1,52.50505259050059,44.18096509176265,7.2,25
1984,MASSACHUSETTS,1,51.22078250890937,41.901477364119344,7.2,25
1984,MICHIGAN,1,59.226027170250454,48.986181892588355,7.2,25
1984,MINNESOTA,1,49.53841518789858,42.55866224543305,7.2,25
1984,MISSISSIPPI,1,61.88232118873153,49.46330249509391,7.2,25
1984,MISSOURI,1,60.024750667877036,51.15576353065781,7.2,25
1984,MONTANA,1,60.47448208399566,56.82452631116191,7.2,25
1984,NEBRASKA,1,70.55069085555675,65.55001852914549,7.2,25
1984,NEVADA,1,66.76995016217631,63.611854307896856,7.2,25
1984,NEW HAMPSHIRE,1,68.66733178367926,57.73718065574624,7.2,25
1984,NEW JERSEY,1,60.09051973018109,51.973159784439474,7.2,25
1984,NEW MEXICO,1,59.704298462196476,54.966826452041374,7.2,25
1984,NEW YORK,1,49.605013214707036,42.530110244198646,7.2,25
1984,NORTH CAROLINA,1,61.896898951484374,49.30497517826227,7.2,25
1984,NORTH DAKOTA,1,64.83974224118121,64.32570836488263,7.2,25
1984,OHIO,1,58.69868634861014,51.51142624561613,7.2,25
1984,OKLAHOMA,1,68.610851843947,60.49970949145348,7.2,25
1984,OREGON,1,55.9058218856984,48.33146567630062,7.2,25
1984,PENNSYLVANIA,1,53.34106792230928,49.586134037896734,7.2,25
1984,RHODE ISLAND,1,51.66520905554108,37.21280774676838,7.2,25
1984,SOUTH CAROLINA,1,63.55400819180427,49.45376230779796,7.2,25
1984,SOUTH DAKOTA,1,63.003394501473885,60.5252316884496,7.2,25
1984,TENNESSEE,1,57.83972247550078,48.698887745917446,7.2,25
1984,TEXAS,1,63.6106129961051,55.28195126161586,7.2,25
1984,UTAH,1,74.50179145438145,72.7775460480144,7.2,25
1984,VERMONT,1,57.92309889538329,44.36401483363729,7.2,25
1984,VIRGINIA,1,62.2871610683698,53.03279900880585,7.2,25
1984,WASHINGTON,1,56.09175907110208,49.65834363525127,7.2,25
1984,WEST VIRGINIA,1,55.112118106618894,45.30286086090157,7.2,25
1984,WISCONSIN,1,54.19315283477921,47.89877447023409,7.2,25
1984,WYOMING,1,70.50982176876508,62.64394809663126,7.2,25
1988,ALABAMA,0,59.16504893810266,60.54249354760621,4.2,13
1988,ALASKA,0,59.59093725639129,66.6539823221984,4.2,13
1988,ARIZONA,0,59.95026764845679,66.42148285841562,4.2,13
1988,ARKANSAS,0,56.367836199377095,60.46702532547269,4.2,13
1988,CALIFORNIA,0,51.126567894516725,57.516942851693116,4.2,13
1988,COLORADO,0,53.058888336731286,63.442155969676854,4.2,13
1988,CONNECTICUT,0,51.97756122029051,60.73195173495126,4.2,13
1988,DELAWARE,0,55.87996366415757,59.78269409047342,4.2,13
1988,DISTRICT OF COLUMBIA,0,14.30445309705149,13.7296013024876,4.2,13
1988,FLORIDA,0,60.871559089261986,65.3185810412361,4.2,13
1988,GEORGIA,0,59.752872343717534,60.17229856601785,4.2,13
1988,HAWAII,0,44.751044543687456,55.099658772175346,4.2,13
1988,IDAHO,0,62.07845112576045,72.3646702858366,4.2,13
1988,ILLINOIS,0,50.688268788713614,56.17459154097207,4.2,13
1988,INDIANA,0,59.84277566250626,61.67431458678617,4.2,13
1988,IOWA,0,44.49647278833303,53.272112168085435,4.2,13
1988,KANSAS,0,55.79299608073761,66.272207876586,4.2,13
1988,KENTUCKY,0,55.52147911898297,60.00693762346231,4.2,13
1988,LOUISIANA,0,54.274715299453014,60.77370692433072,4.2,13
1988,MAINE,0,55.33542929725152,60.83406852465181,4.2,13
1988,MARYLAND,0,51.107586630097096,52.50505259050059,4.2,13
1988,MASSACHUSETTS,0,45.375058730226854,51.22078250890937,4.2,13
1988,MICHIGAN,0,53.567693776482535,59.226027170250454,4.2,13
1988,MINNESOTA,0,45.89572632452463,49.53841518789858,4.2,13
1988,MISSISSIPPI,0,59.88983679485404,61.88232118873153,4.2,13
1988,MISSOURI,0,51.831573053675946,60.024750667877036,4.2,13
1988,MONTANA,0,52.07151725307241,60.47448208399566,4.2,13
1988,NEBRASKA,0,60.16282040621953,70.55069085555675,4.2,13
1988,NEVADA,0,60.04668743606707,66.76995016217631,4.2,13
1988,NEW HAMPSHIRE,0,62.4908717607236,68.66733178367926,4.2,13
1988,NEW JERSEY,0,56.24010946094485,60.09051973018109,4.2,13
1988,NEW MEXICO,0,51.85035300074609,59.704298462196476,4.2,13
1988,NEW YORK,0,43.764303620759755,49.605013214707036,4.2,13
1988,NORTH CAROLINA,0,57.96829977932598,61.896898951484374,4.2,13
1988,NORTH DAKOTA,0,56.031231813120456,64.83974224118121,4.2,13
1988,OHIO,0,55.00175824525985,58.69868634861014,4.2,13
1988,OKLAHOMA,0,57.92879125833877,68.610851843947,4.2,13
1988,OREGON,0,46.61136695365043,55.9058218856984,4.2,13
1988,PENNSYLVANIA,0,50.704579618720395,53.34106792230928,4.2,13
1988,RHODE ISLAND,0,43.93260870639757,51.66520905554108,4.2,13
1988,SOUTH CAROLINA,0,61.50481385058352,63.55400819180427,4.2,13
1988,SOUTH DAKOTA,0,52.84976245323348,63.003394501473885,4.2,13
1988,TENNESSEE,0,57.89048128342246,57.83972247550078,4.2,13
1988,TEXAS,0,55.9535579585843,63.6106129961051,4.2,13
1988,UTAH,0,66.21896483505614,74.50179145438145,4.2,13
1988,VERMONT,0,51.0960514203051,57.92309889538329,4.2,13
1988,VIRGINIA,0,59.73519911626572,62.2871610683698,4.2,13
1988,WASHINGTON,0,48.45642923506892,56.09175907110208,4.2,13
1988,WEST VIRGINIA,0,47.46055094740483,55.112118106618894,4.2,13
1988,WISCONSIN,0,47.79591058254943,54.19315283477921,4.2,13
1988,WYOMING,0,60.530384987907176,70.50982176876508,4.2,13
1992,ALABAMA,0,47.64540359939812,59.16504893810266,3.5,-22
1992,ALASKA,0,39.45749808515083,59.59093725639129,3.5,-22
1992,ARIZONA,0,38.47314178113284,59.95026764845679,3.5,-22
1992,ARKANSAS,0,35.483399305529986,56.367836199377095,3.5,-22
1992,CALIFORNIA,0,32.614669375921295,51.126567894516725,3.5,-22
1992,COLORADO,0,35.869052626212415,53.058888336731286,3.5,-22
1992,CONNECTICUT,0,35.78324122176325,51.97756122029051,3.5,-22
1992,DELAWARE,0,35.32663490090464,55.87996366415757,3.5,-22
1992,DISTRICT OF COLUMBIA,0,9.095143515019423,14.30445309705149,3.5,-22
1992,FLORIDA,0,40.90249693604387,60.871559089261986,3.5,-22
1992,GEORGIA,0,42.87785318635339,59.752872343717534,3.5,-22
1992,HAWAII,0,36.697045933666274,44.751044543687456,3.5,-22
1992,IDAHO,0,42.03258980241188,62.07845112576045,3.5,-22
1992,ILLINOIS,0,34.33746713220995,50.688268788713614,3.5,-22
1992,INDIANA,0,42.90678012776951,59.84277566250626,3.5,-22
1992,IOWA,0,37.27213870886538,44.49647278833303,3.5,-22
1992,KANSAS,0,38.88152459826691,55.79299608073761,3.5,-22
1992,KENTUCKY,0,41.34088016611963,55.52147911898297,3.5,-22
1992,LOUISIANA,0,40.970895807134795,54.274715299453014,3.5,-22
1992,MAINE,0,30.390626034769735,55.33542929725152,3.5,-22
1992,MARYLAND,0,35.62940269477673,51.107586630097096,3.5,-22
1992,MASSACHUSETTS,0,29.02438795758967,45.375058730226854,3.5,-22
1992,MICHIGAN,0,36.375647915056895,53.567693776482535,3.5,-22
1992,MINNESOTA,0,31.850833153034053,45.89572632452463,3.5,-22
1992,MISSISSIPPI,0,49.68389467026145,59.88983679485404,3.5,-22
1992,MISSOURI,0,33.92168178415653,51.831573053675946,3.5,-22
1992,MONTANA,0,35.122496547592085,52.07151725307241,3.5,-22
1992,NEBRASKA,0,46.59750035929962,60.16282040621953,3.5,-22
1992,NEVADA,0,34.726792253089954,60.04668743606707,3.5,-22
1992,NEW HAMPSHIRE,0,37.69142708226688,62.4908717607236,3.5,-22
1992,NEW JERSEY,0,40.58103346279483,56.24010946094485,3.5,-22
1992,NEW MEXICO,0,37.338460944654784,51.85035300074609,3.5,-22
1992,NEW YORK,0,28.83974307543317,43.764303620759755,3.5,-22
1992,NORTH CAROLINA,0,43.442808737102055,57.96829977932598,3.5,-22
1992,NORTH DAKOTA,0,44.2159716745691,56.031231813120456,3.5,-22
1992,OHIO,0,38.3466124368847,55.00175824525985,3.5,-22
1992,OKLAHOMA,0,42.64574832830945,57.92879125833877,3.5,-22
1992,OREGON,0,32.52721272381572,46.61136695365043,3.5,-22
1992,PENNSYLVANIA,0,36.12721051814485,50.704579618720395,3.5,-22
1992,RHODE ISLAND,0,29.027604689378315,43.93260870639757,3.5,-22
1992,SOUTH CAROLINA,0,46.993356725298476,61.50481385058352,3.5,-22
1992,SOUTH DAKOTA,0,40.65914457523182,52.84976245323348,3.5,-22
1992,TENNESSEE,0,42.43336403317197,57.89048128342246,3.5,-22
1992,TEXAS,0,40.560021111410464,55.9535579585843,3.5,-22
1992,UTAH,0,43.36463270062554,66.21896483505614,3.5,-22
1992,VERMONT,0,30.418258825478684,51.0960514203051,3.5,-22
1992,VIRGINIA,0,44.95736635394308,59.73519911626572,3.5,-22
1992,WASHINGTON,0,31.96560534891905,48.45642923506892,3.5,-22
1992,WEST VIRGINIA,0,35.393029164356854,47.46055094740483,3.5,-22
1992,WISCONSIN,0,36.77722096319967,47.79591058254943,3.5,-22
1992,WYOMING,0,39.696523983910666,60.530384987907176,3.5,-22
1996,ALABAMA,1,43.15608769582409,40.88006350485173,3.8,18
1996,ALASKA,1,33.26711364953233,30.28711132430195,3.8,18
1996,ARIZONA,1,46.517065946076805,36.520452596714804,3.8,18
1996,ARKANSAS,1,53.73644915194818,53.20795284925204,3.8,18
1996,CALIFORNIA,1,51.09886561852729,46.00658784028094,3.8,18
1996,COLORADO,1,44.42649840934877,40.128028651907364,3.8,18
1996,CONNECTICUT,1,52.83158147196567,42.218572959541035,3.8,18
1996,DELAWARE,1,51.82784978398139,43.52392790553139,3.8,18
1996,DISTRICT OF COLUMBIA,1,85.19001109160807,84.64090485648498,3.8,18
1996,FLORIDA,1,48.02557119781926,38.99012156452978,3.8,18
1996,GEORGIA,1,45.84146584952188,43.46868533599755,3.8,18
1996,HAWAII,1,56.92880151060758,48.09275779016313,3.8,18
1996,IDAHO,1,33.646389850949035,28.41921205358069,3.8,18
1996,ILLINOIS,1,54.31527783028726,48.57967781991728,3.8,18
1996,INDIANA,1,41.557137645749265,36.79390564346401,3.8,18
1996,IOWA,1,50.26096469015254,43.2858386233055,3.8,18
1996,KANSAS,1,36.084799404263244,33.73849413602757,3.8,18
1996,KENTUCKY,1,45.84217848532593,44.55114207247639,3.8,18
1996,LOUISIANA,1,52.00999574541792,45.58453914124838,3.8,18
1996,MAINE,1,51.623955886891665,38.76679730212995,3.8,18
1996,MARYLAND,1,54.254774351861734,49.812605185983934,3.8,18
1996,MASSACHUSETTS,1,61.47209871153811,47.54141092792782,3.8,18
1996,MICHIGAN,1,51.69482057469723,43.77368748439939,3.8,18
1996,MINNESOTA,1,51.10075658200805,43.48465127847806,3.8,18
1996,MISSISSIPPI,1,44.08110022072882,40.76806414386739,3.8,18
1996,MISSOURI,1,47.53957827961623,44.07168575694087,3.8,18
1996,MONTANA,1,41.250064483164365,37.63112452293446,3.8,18
1996,NEBRASKA,1,34.95065801613487,29.403454157435604,3.8,18
1996,NEVADA,1,43.933496884416485,37.35754999822246,3.8,18
1996,NEW HAMPSHIRE,1,49.57057734944029,38.91179509135076,3.8,18
1996,NEW JERSEY,1,53.72029286118354,42.953959123027495,3.8,18
1996,NEW MEXICO,1,49.18320223567367,45.89884663833848,3.8,18
1996,NEW YORK,1,56.678939030418555,47.276306912757974,3.8,18
1996,NORTH CAROLINA,1,44.03553213740164,42.653368302161304,3.8,18
1996,NORTH DAKOTA,1,40.12784757386144,32.18350517471352,3.8,18
1996,OHIO,1,47.37574744720069,40.18128056321024,3.8,18
1996,OKLAHOMA,1,40.44913745024708,34.02473749585539,3.8,18
1996,OREGON,1,47.151971315758914,42.47885505895834,3.8,18
1996,PENNSYLVANIA,1,49.226124767761895,45.146164873251195,3.8,18
1996,RHODE ISLAND,1,59.71858848370391,47.047963561368874,3.8,18
1996,SOUTH CAROLINA,1,44.006252923450376,42.76254117463252,3.8,18
1996,SOUTH DAKOTA,1,43.02711950244885,37.1409708137301,3.8,18
1996,TENNESSEE,1,47.998711792640854,47.084793088803906,3.8,18
1996,TEXAS,1,43.83177193706514,37.07845833405102,3.8,18
1996,UTAH,1,33.29677643251721,24.654501759413332,3.8,18
1996,VERMONT,1,53.35443356329488,46.11375176475055,3.8,18
1996,VIRGINIA,1,45.14777116345739,40.58607440265809,3.8,18
1996,WASHINGTON,1,49.840472048333574,43.41022003746342,3.8,18
1996,WEST VIRGINIA,1,51.5055958042859,48.414821618980895,3.8,18
1996,WISCONSIN,1,48.810952162606796,41.13155574098482,3.8,18
1996,WYOMING,1,36.83586124752447,34.09977787116527,3.8,18
2000,ALABAMA,0,41.566502947898066,43.15608769582409,4.1,19
2000,ALASKA,0,27.666339823504693,33.26711364953233,4.1,19
2000,ARIZONA,0,44.73458501738885,46.517065946076805,4.1,19
2000,ARKANSAS,0,45.86425626043496,53.73644915194818,4.1,19
2000,CALIFORNIA,0,53.44973682775446,51.09886561852729,4.1,19
2000,COLORADO,0,42.39350901130605,44.42649840934877,4.1,19
2000,CONNECTICUT,0,55.909628132440346,52.83158147196567,4.1,19
2000,DELAWARE,0,54.977727163090904,51.82784978398139,4.1,19
2000,DISTRICT OF COLUMBIA,0,85.15508137933767,85.19001109160807,4.1,19
2000,FLORIDA,0,48.837821204036146,48.02557119781926,4.1,19
2000,GEORGIA,0,43.210999656241384,45.84146584952188,4.1,19
2000,HAWAII,0,55.79166791230354,56.92880151060758,4.1,19
2000,IDAHO,0,27.638128843834416,33.646389850949035,4.1,19
2000,ILLINOIS,0,54.59652120955491,54.31527783028726,4.1,19
2000,INDIANA,0,41.012102930838964,41.557137645749265,4.1,19
2000,IOWA,0,47.19191557860848,50.26096469015254,4.1,19
2000,KANSAS,0,37.23839226424526,36.084799404263244,4.1,19
2000,KENTUCKY,0,41.37818258591055,45.84217848532593,4.1,19
2000,LOUISIANA,0,44.87533245433992,52.00999574541792,4.1,19
2000,MAINE,0,49.08601647394897,51.623955886891665,4.1,19
2000,MARYLAND,0,56.48830838450493,54.254774351861734,4.1,19
2000,MASSACHUSETTS,0,59.12612602067913,61.47209871153811,4.1,19
2000,MICHIGAN,0,51.279798870691344,51.69482057469723,4.1,19
2000,MINNESOTA,0,47.9055720603522,51.10075658200805,4.1,19
2000,MISSISSIPPI,0,40.69810015047516,44.08110022072882,4.1,19
2000,MISSOURI,0,47.08427334810237,47.53957827961623,4.1,19
2000,MONTANA,0,33.36512679264014,41.250064483164365,4.1,19
2000,NEBRASKA,0,33.25303901328371,34.95065801613487,4.1,19
2000,NEVADA,0,45.94126276200884,43.933496884416485,4.1,19
2000,NEW HAMPSHIRE,0,46.8031791607873,49.57057734944029,4.1,19
2000,NEW JERSEY,0,56.125608915087916,53.72029286118354,4.1,19
2000,NEW MEXICO,0,47.90855405484418,49.18320223567367,4.1,19
2000,NEW YORK,0,56.639270482305506,56.678939030418555,4.1,19
2000,NORTH CAROLINA,0,43.14567116868326,44.03553213740164,4.1,19
2000,NORTH DAKOTA,0,33.05533969804618,40.12784757386144,4.1,19
2000,OHIO,0,46.440428090356484,47.37574744720069,4.1,19
2000,OKLAHOMA,0,38.426904569573395,40.44913745024708,4.1,19
2000,OREGON,0,46.95994002412073,47.151971315758914,4.1,19
2000,PENNSYLVANIA,0,50.60817131276611,49.226124767761895,4.1,19
2000,RHODE ISLAND,0,60.98770018967911,59.71858848370391,4.1,19
2000,SOUTH CAROLINA,0,40.9015233737649,44.006252923450376,4.1,19
2000,SOUTH DAKOTA,0,37.56422539041133,43.02711950244885,4.1,19
2000,TENNESSEE,0,47.28489471775342,47.998711792640854,4.1,19
2000,TEXAS,0,37.981958091571045,43.83177193706514,4.1,19
2000,UTAH,0,26.344722181136913,33.29677643251721,4.1,19
2000,VERMONT,0,50.634709216195276,53.35443356329488,4.1,19
2000,VIRGINIA,0,44.43561054475593,45.14777116345739,4.1,19
2000,WASHINGTON,0,50.15821531675426,49.840472048333574,4.1,19
2000,WEST VIRGINIA,0,45.59266436669526,51.5055958042859,4.1,19
2000,WISCONSIN,0,47.832819660687434,48.810952162606796,4.1,19
2000,WYOMING,0,28.2983820405566,36.83586124752447,4.1,19
2004,ALABAMA,1,62.46068975770077,56.483755353267654,3.8,1
2004,ALASKA,1,61.065329912539426,58.62095531587057,3.8,1
2004,ARIZONA,1,54.86943408601376,51.02113816043697,3.8,1
2004,ARKANSAS,1,54.30595907843537,51.30719769663293,3.8,1
2004,CALIFORNIA,1,44.35769597724177,41.651496805255455,3.8,1
2004,COLORADO,1,51.71109535459211,50.75021477367219,3.8,1
2004,CONNECTICUT,1,43.94727791082799,38.443603227077304,3.8,1
2004,DELAWARE,1,45.75281857192356,41.91628832866708,3.8,1
2004,DISTRICT OF COLUMBIA,1,9.339766066454,8.951727143946824,3.8,1
2004,FLORIDA,1,52.09751623233694,48.84682657204043,3.8,1
2004,GEORGIA,1,57.974756766988456,54.95956965137921,3.8,1
2004,HAWAII,1,45.26459571155186,37.46286869719066,3.8,1
2004,IDAHO,1,68.39094482399027,67.17043948047805,3.8,1
2004,ILLINOIS,1,44.47862682634849,42.58487997321023,3.8,1
2004,INDIANA,1,59.94476503665718,56.6468816015263,3.8,1
2004,IOWA,1,49.90065750530225,46.88563822317745,3.8,1
2004,KANSAS,1,62.0039806155473,58.041663246957704,3.8,1
2004,KENTUCKY,1,59.54951383220056,56.5064833631888,3.8,1
2004,LOUISIANA,1,56.722021341089985,52.55106317425365,3.8,1
2004,MAINE,1,44.57645743784695,43.971850994987854,3.8,1
2004,MARYLAND,1,42.97821777859425,40.18478065506228,3.8,1
2004,MASSACHUSETTS,1,36.58840187124994,32.13290299360197,3.8,1
2004,MICHIGAN,1,47.812058557810175,46.14621473214064,3.8,1
2004,MINNESOTA,1,47.613533791521455,45.50235065209324,3.8,1
2004,MISSISSIPPI,1,59.01437414899142,57.61951509982055,3.8,1
2004,MISSOURI,1,53.29619193926551,50.42281595937441,3.8,1
2004,MONTANA,1,59.06814316858852,58.439460224922506,3.8,1
2004,NEBRASKA,1,65.89864119889076,62.245362034607375,3.8,1
2004,NEVADA,1,50.4696915453111,49.485089247915255,3.8,1
2004,NEW HAMPSHIRE,1,48.83434298460681,48.07030985044308,3.8,1
2004,NEW JERSEY,1,46.238811681287245,40.29124385907996,3.8,1
2004,NEW MEXICO,1,49.8384247604138,47.84741189933261,3.8,1
2004,NEW YORK,1,37.6865299923499,32.44981656457451,3.8,1
2004,NORTH CAROLINA,1,56.01719733779453,55.9577562873286,3.8,1
2004,NORTH DAKOTA,1,62.86133496146506,60.65858126110124,3.8,1
2004,OHIO,1,50.814024335529595,49.98647383516539,3.8,1
2004,OKLAHOMA,1,65.57040166475606,60.3078521084823,3.8,1
2004,OREGON,1,47.19291674243323,46.51892173799668,3.8,1
2004,PENNSYLVANIA,1,48.42366615305421,46.43813292862545,3.8,1
2004,RHODE ISLAND,1,38.67143713369356,31.911799213907194,3.8,1
2004,SOUTH CAROLINA,1,57.98194968164678,56.86038462261056,3.8,1
2004,SOUTH DAKOTA,1,59.91113171824891,60.29677268401266,3.8,1
2004,TENNESSEE,1,56.799089491363254,51.14915318076796,3.8,1
2004,TEXAS,1,61.08582276906154,59.298599468103454,3.8,1
2004,UTAH,1,71.53594785330293,66.83014295092858,3.8,1
2004,VERMONT,1,38.801315363950444,40.697160797531836,3.8,1
2004,VIRGINIA,1,53.73195656902155,52.47372918694904,3.8,1
2004,WASHINGTON,1,45.64028199241435,44.5786479475025,3.8,1
2004,WEST VIRGINIA,1,56.07071786946673,51.915219927051,3.8,1
2004,WISCONSIN,1,49.31987145842502,47.61316351414431,3.8,1
2004,WYOMING,1,68.73956885274808,69.22274313841086,3.8,1
2008,ALABAMA,0,60.31691302917061,62.46068975770077,0.1,-45
2008,ALASKA,0,59.4245195388063,61.065329912539426,0.1,-45
2008,ARIZONA,0,53.635247822627235,54.86943408601376,0.1,-45
2008,ARKANSAS,0,58.7159044999296,54.30595907843537,0.1,-45
2008,CALIFORNIA,0,36.95485883246448,44.35769597724177,0.1,-45
2008,COLORADO,0,44.70752210933716,51.71109535459211,0.1,-45
2008,CONNECTICUT,0,38.22146330562694,43.94727791082799,0.1,-45
2008,DELAWARE,0,36.9470335489753,45.75281857192356,0.1,-45
2008,DISTRICT OF COLUMBIA,0,6.5325574659680345,9.339766066454,0.1,-45
2008,FLORIDA,0,48.215319165976226,52.09751623233694,0.1,-45
2008,GEORGIA,0,52.20451799292952,57.974756766988456,0.1,-45
2008,HAWAII,0,26.436201936570306,45.26459571155186,0.1,-45
2008,IDAHO,0,61.51709147303861,68.39094482399027,0.1,-45
2008,ILLINOIS,0,36.7809225421472,44.47862682634849,0.1,-45
2008,INDIANA,0,48.91390717884855,59.94476503665718,0.1,-45
2008,IOWA,0,44.39325935530208,49.90065750530225,0.1,-45
2008,KANSAS,0,56.612254343491884,62.0039806155473,0.1,-45
2008,KENTUCKY,0,57.39902114287591,59.54951383220056,0.1,-45
2008,LOUISIANA,0,58.56272131075639,56.722021341089985,0.1,-45
2008,MAINE,0,40.38401833790824,44.57645743784695,0.1,-45
2008,MARYLAND,0,36.4745196451127,42.97821777859425,0.1,-45
2008,MASSACHUSETTS,0,35.73495928933176,36.58840187124994,0.1,-45
2008,MICHIGAN,0,40.959705661952704,47.812058557810175,0.1,-45
2008,MINNESOTA,0,43.822931044139075,47.613533791521455,0.1,-45
2008,MISSISSIPPI,0,56.17618898101739,59.01437414899142,0.1,-45
2008,MISSOURI,0,49.42607441187882,53.29619193926551,0.1,-45
2008,MONTANA,0,49.5324509445858,59.06814316858852,0.1,-45
2008,NEBRASKA,0,56.53185336979162,65.89864119889076,0.1,-45
2008,NEVADA,0,42.65411510898406,50.4696915453111,0.1,-45
2008,NEW HAMPSHIRE,0,44.521428470962206,48.83434298460681,0.1,-45
2008,NEW JERSEY,0,41.70393385927491,46.238811681287245,0.1,-45
2008,NEW MEXICO,0,41.77903483433274,49.8384247604138,0.1,-45
2008,NEW YORK,0,31.3172371111752,37.6865299923499,0.1,-45
2008,NORTH CAROLINA,0,49.37479861864861,56.01719733779453,0.1,-45
2008,NORTH DAKOTA,0,53.250100277618984,62.86133496146506,0.1,-45
2008,OHIO,0,46.91057836327485,50.814024335529595,0.1,-45
2008,OKLAHOMA,0,65.6450811226935,65.57040166475606,0.1,-45
2008,OREGON,0,40.400981692292206,47.19291674243323,0.1,-45
2008,PENNSYLVANIA,0,44.16705247991443,48.42366615305421,0.1,-45
2008,RHODE ISLAND,0,35.057846474735356,38.67143713369356,0.1,-45
2008,SOUTH CAROLINA,0,53.873643978637865,57.98194968164678,0.1,-45
2008,SOUTH DAKOTA,0,53.158976372799266,59.91113171824891,0.1,-45
2008,TENNESSEE,0,56.896954282894235,56.799089491363254,0.1,-45
2008,TEXAS,0,55.45236045232641,61.08582276906154,0.1,-45
2008,UTAH,0,62.583869714501716,71.53594785330293,0.1,-45
2008,VERMONT,0,30.449228724549755,38.801315363950444,0.1,-45
2008,VIRGINIA,0,46.33050069025531,53.73195656902155,0.1,-45
2008,WASHINGTON,0,40.47630494211489,45.64028199241435,0.1,-45
2008,WEST VIRGINIA,0,55.71034310695479,56.07071786946673,0.1,-45
2008,WISCONSIN,0,42.31366248834809,49.31987145842502,0.1,-45
2008,WYOMING,0,64.71377459749553,68.73956885274808,0.1,-45
2012,ALABAMA,1,38.35903309875247,38.74043429457491,2.3,7
2012,ALASKA,1,40.81265911246443,37.88937359938932,2.3,7
2012,ARIZONA,1,44.58976694179938,45.11525087476428,2.3,7
2012,ARKANSAS,1,36.87899030172011,38.86465976512424,2.3,7
2012,CALIFORNIA,1,60.23895914168964,61.01263834713425,2.3,7
2012,COLORADO,1,51.49222655161517,53.66023684069159,2.3,7
2012,CONNECTICUT,1,58.085013258854424,60.58882967612182,2.3,7
2012,DELAWARE,1,58.610741984585275,61.942668981503935,2.3,7
2012,DISTRICT OF COLUMBIA,1,90.91311392818726,92.45710975614344,2.3,7
2012,FLORIDA,1,50.00786506869869,51.03330527066491,2.3,7
2012,GEORGIA,1,45.50795966688209,46.99017909606506,2.3,7
2012,HAWAII,1,70.14793244563191,71.45291011787819,2.3,7
2012,IDAHO,1,32.62233355920978,36.09098763283785,2.3,7
2012,ILLINOIS,1,57.60213536247709,61.91811452001323,2.3,7
2012,INDIANA,1,43.92730290405839,49.94591163968428,2.3,7
2012,IOWA,1,51.98801653414908,53.92802007386527,2.3,7
2012,KANSAS,1,37.99457055391902,41.65196719401362,2.3,7
2012,KENTUCKY,1,37.8013278344458,41.16811378392879,2.3,7
2012,LOUISIANA,1,40.57746362330215,39.93291380234511,2.3,7
2012,MAINE,1,55.371034193482515,57.705737297975965,2.3,7
2012,MARYLAND,1,61.97419077931849,61.919344762645935,2.3,7
2012,MASSACHUSETTS,1,60.33830832021647,61.36319910280229,2.3,7
2012,MICHIGAN,1,54.20820421051875,57.43324730745946,2.3,7
2012,MINNESOTA,1,52.652303153246265,54.06029269827984,2.3,7
2012,MISSISSIPPI,1,43.78935954398935,43.00155442623841,2.3,7
2012,MISSOURI,1,44.38348354545332,49.29264786570514,2.3,7
2012,MONTANA,1,41.6981373748058,47.268464770081756,2.3,7
2012,NEBRASKA,1,38.02731441792897,41.5982657769247,2.3,7
2012,NEVADA,1,52.35624947040056,55.14667592431869,2.3,7
2012,NEW HAMPSHIRE,1,51.97968415071198,54.126897056134574,2.3,7
2012,NEW JERSEY,1,58.3423549106376,57.272137151885985,2.3,7
2012,NEW MEXICO,1,52.992760520466774,56.90748026279335,2.3,7
2012,NEW YORK,1,60.760984174874494,60.15696154075767,2.3,7
2012,NORTH CAROLINA,1,48.350968577067555,49.70366639904743,2.3,7
2012,NORTH DAKOTA,1,38.69731088897972,44.62054001471791,2.3,7
2012,OHIO,1,50.66674765831987,51.50427006052537,2.3,7
2012,OKLAHOMA,1,33.22768025698344,34.354918877306496,2.3,7
2012,OREGON,1,54.23932665276901,56.748806256920645,2.3,7
2012,PENNSYLVANIA,1,52.0768577021407,54.48552801203737,2.3,7
2012,RHODE ISLAND,1,62.7009588632639,62.86400461245618,2.3,7
2012,SOUTH CAROLINA,1,44.08803340736147,44.896560017366234,2.3,7
2012,SOUTH DAKOTA,1,39.86614075835246,44.74743111460174,2.3,7
2012,TENNESSEE,1,39.07581499379519,41.82853806271298,2.3,7
2012,TEXAS,1,41.383358283760856,43.683121445889626,2.3,7
2012,UTAH,1,24.74966582796037,34.40574566607516,2.3,7
2012,VERMONT,1,66.5705503023823,67.45568319560924,2.3,7
2012,VIRGINIA,1,51.15645679621864,52.62946987317566,2.3,7
2012,WASHINGTON,1,56.16339829967276,57.65289221364836,2.3,7
2012,WEST VIRGINIA,1,35.53930415638732,42.58975038229675,2.3,7
2012,WISCONSIN,1,52.77616253515459,56.21778651794234,2.3,7
2012,WYOMING,1,27.63690611525283,32.50949377020368,2.3,7
2016,ALABAMA,0,34.35794575797364,38.35903309875247,1.8,10
2016,ALASKA,0,36.550871290111985,40.81265911246443,1.8,10
2016,ARIZONA,0,45.126021844693206,44.58976694179938,1.8,10
2016,ARIZONA,0,0.001632231123927148,45.126021844693206,1.8,10
2016,ARKANSAS,0,33.65312412936093,36.87899030172011,1.8,10
2016,CALIFORNIA,0,61.726399604557876,60.23895914168964,1.8,10
2016,COLORADO,0,48.1569803828474,51.49222655161517,1.8,10
2016,CONNECTICUT,0,54.56630109670987,58.085013258854424,1.8,10
2016,DELAWARE,0,53.353336805634186,58.610741984585275,1.8,10
2016,DISTRICT OF COLUMBIA,0,90.48388386787171,90.91311392818726,1.8,10
2016,FLORIDA,0,47.82331580580505,50.00786506869869,1.8,10
2016,GEORGIA,0,45.63998335736082,45.50795966688209,1.8,10
2016,HAWAII,0,60.98079805512905,70.14793244563191,1.8,10
2016,IDAHO,0,27.492013820979203,32.62233355920978,1.8,10
2016,ILLINOIS,0,55.8253666987933,57.60213536247709,1.8,10
2016,INDIANA,0,37.774839686752046,43.92730290405839,1.8,10
2016,IOWA,0,41.75251344549624,51.98801653414908,1.8,10
2016,KANSAS,0,36.05237073223449,37.99457055391902,1.8,10
2016,KENTUCKY,0,32.68218833364776,37.8013278344458,1.8,10
2016,LOUISIANA,0,38.44956609851397,40.57746362330215,1.8,10
2016,MAINE,0,46.34521409730895,55.371034193482515,1.8,10
2016,MARYLAND,0,60.32574423519277,61.97419077931849,1.8,10
2016,MARYLAND,0,0.002804296757873423,60.32574423519277,1.8,10
2016,MASSACHUSETTS,0,59.0500650966713,60.33830832021647,1.8,10
2016,MICHIGAN,0,47.27453095086684,54.20820421051875,1.8,10
2016,MINNESOTA,0,46.445033961766946,52.652303153246265,1.8,10
2016,MISSISSIPPI,0,40.1147882717841,43.78935954398935,1.8,10
2016,MISSOURI,0,38.13523083523671,44.38348354545332,1.8,10
2016,MONTANA,0,35.93521877515035,41.6981373748058,1.8,10
2016,NEBRASKA,0,33.69875637713553,38.02731441792897,1.8,10
2016,NEVADA,0,47.91782367811904,52.35624947040056,1.8,10
2016,NEW HAMPSHIRE,0,46.82626266969055,51.97968415071198,1.8,10
2016,NEW JERSEY,0,55.453084449694195,58.3423549106376,1.8,10
2016,NEW MEXICO,0,48.255647178634106,52.992760520466774,1.8,10
2016,NEW YORK,0,56.13614259984897,60.760984174874494,1.8,10
2016,NORTH CAROLINA,0,46.172866168209474,48.350968577067555,1.8,10
2016,NORTH DAKOTA,0,27.226739458706007,38.69731088897972,1.8,10
2016,OHIO,0,43.55807627672002,50.66674765831987,1.8,10
2016,OKLAHOMA,0,28.931680284543894,33.22768025698344,1.8,10
2016,OREGON,0,50.07185200286209,54.23932665276901,1.8,10
2016,PENNSYLVANIA,0,47.85361616456285,52.0768577021407,1.8,10
2016,RHODE ISLAND,0,54.40660657037471,62.7009588632639,1.8,10
2016,SOUTH CAROLINA,0,40.67341978966509,44.08803340736147,1.8,10
2016,SOUTH DAKOTA,0,31.737428159948987,39.86614075835246,1.8,10
2016,TENNESSEE,0,34.71633279865009,39.07581499379519,1.8,10
2016,TEXAS,0,43.23525798101196,41.383358283760856,1.8,10
2016,UTAH,0,27.46126859226901,24.74966582796037,1.8,10
2016,VERMONT,0,55.72274212321393,66.5705503023823,1.8,10
2016,VIRGINIA,0,49.7513528334177,51.15645679621864,1.8,10
2016,WASHINGTON,0,52.5386800618266,56.16339829967276,1.8,10
2016,WEST VIRGINIA,0,26.47692801777152,35.53930415638732,1.8,10
2016,WISCONSIN,0,46.453841372242664,52.77616253515459,1.8,10
2016,WYOMING,0,21.628900876393033,27.63690611525283,1.8,10
2020,ALABAMA,1,62.031643166864804,62.08309236440906,-2.2,-6
2020,ALASKA,1,52.83314327038077,51.281512077537286,-2.2,-6
2020,ARIZONA,1,49.055981030464736,48.671616472321055,-2.2,-6
2020,ARKANSAS,1,62.39572985614432,60.57410216382829,-2.2,-6
2020,CALIFORNIA,1,34.32072362528492,31.617106538439437,-2.2,-6
2020,COLORADO,1,41.60412563491241,43.25139737143104,-2.2,-6
2020,CONNECTICUT,1,39.187118288330716,40.92691437881478,-2.2,-6
2020,DELAWARE,1,39.77487677110555,41.92282433931928,-2.2,-6
2020,DISTRICT OF COLUMBIA,1,5.397321376714795,4.070383108054067,-2.2,-6
2020,FLORIDA,1,51.21981962250403,49.021941416590735,-2.2,-6
2020,GEORGIA,1,49.2374738997912,50.771326054771,-2.2,-6
2020,HAWAII,1,33.954714169414814,29.439707172625575,-2.2,-6
2020,IDAHO,1,63.837564831903634,59.26143236919689,-2.2,-6
2020,ILLINOIS,1,40.55345081817373,38.76175307382527,-2.2,-6
2020,INDIANA,1,57.02115776570513,56.94003344841127,-2.2,-6
2020,IOWA,1,52.80019763194579,51.16206134467737,-2.2,-6
2020,KANSAS,1,56.212512834264736,56.65458180583957,-2.2,-6
2020,KENTUCKY,1,62.086571869290445,62.51963855190009,-2.2,-6
2020,LOUISIANA,1,58.46088241400854,58.0886846535688,-2.2,-6
2020,MAINE,1,43.551228110418265,43.476678084498865,-2.2,-6
2020,MARYLAND,1,32.15029156774875,0.009311703337041236,-2.2,-6
2020,MASSACHUSETTS,1,31.90815758863096,32.28620279085516,-2.2,-6
2020,MICHIGAN,1,47.83729069113762,47.49756421999615,-2.2,-6
2020,MINNESOTA,1,45.284942409169375,44.92519310427733,-2.2,-6
2020,MISSISSIPPI,1,57.60295457538255,57.94103808883564,-2.2,-6
2020,MISSOURI,1,56.79965577888949,56.77234783816165,-2.2,-6
2020,MONTANA,1,56.91846924002028,56.466191868577184,-2.2,-6
2020,NEBRASKA,1,58.22416333205421,58.74735112712576,-2.2,-6
2020,NEVADA,1,47.66624732455941,45.50069531760242,-2.2,-6
2020,NEW HAMPSHIRE,1,45.3562595046776,46.458666981953414,-2.2,-6
2020,NEW JERSEY,1,41.396523857348505,41.35038665002945,-2.2,-6
2020,NEW MEXICO,1,43.49666924612945,40.04251433324273,-2.2,-6
2020,NEW YORK,1,37.46129384009093,32.390602305742924,-2.2,-6
2020,NORTH CAROLINA,1,49.93433248829551,49.828094696180415,-2.2,-6
2020,NORTH DAKOTA,1,65.11404873707572,62.9556278313393,-2.2,-6
2020,OHIO,1,53.27130010087464,51.68765067578619,-2.2,-6
2020,OKLAHOMA,1,65.37327184806296,65.32286481962736,-2.2,-6
2020,OREGON,1,40.367246046343354,39.094035184496754,-2.2,-6
2020,PENNSYLVANIA,1,48.843612040172474,48.577885803746014,-2.2,-6
2020,RHODE ISLAND,1,38.670380471575854,38.89805749939674,-2.2,-6
2020,SOUTH CAROLINA,1,55.09348091719648,54.939332685695426,-2.2,-6
2020,SOUTH DAKOTA,1,61.769389672250234,61.5307503789588,-2.2,-6
2020,TENNESSEE,1,60.66029416628382,60.722033694214616,-2.2,-6
2020,TEXAS,1,52.05760360355265,52.234685579335384,-2.2,-6
2020,UTAH,1,58.129839029919594,45.54081658810042,-2.2,-6
2020,VERMONT,1,30.38105712622113,29.75938240130809,-2.2,-6
2020,VIRGINIA,1,43.99550366728214,44.42764701392404,-2.2,-6
2020,WASHINGTON,1,38.76697774334327,36.83268018663746,-2.2,-6
2020,WEST VIRGINIA,1,68.63155192461606,68.63057481161937,-2.2,-6
2020,WISCONSIN,1,48.822437319608824,47.21818456731012,-2.2,-6
2020,WYOMING,1,69.49978994840271,67.3984110546084,-2.2,-6
